Configuration,IsEqual,Precision,Recall,F-measure
00005,0,0.29629629850387573,0.6666666865348816,0.41025641560554504
00007,0,0.6071428656578064,0.7083333134651184,0.6538461446762085
00011,0,0.1875,0.23999999463558197,0.21052630245685577
00013,0,0.3636363744735718,0.6399999856948853,0.4637681245803833
00020,0,0.4736842215061188,0.375,0.41860467195510864
00026,0,0.20183485746383667,0.6875,0.3120567202568054
00031,0,0.1538461595773697,0.25,0.1904762089252472