Configuration,IsEqual,Precision,Recall,F-measure
00005,0,0.8846153616905212,0.9583333134651184,0.9200000166893005
00007,0,0.4166666567325592,0.4166666567325592,0.4166666567325592
00011,0,0.4583333432674408,0.4399999976158142,0.44897961616516113
00013,0,0.9615384340286255,1.0,0.9803921580314636
00020,0,0.52173912525177,0.5,0.5106382966041565
00026,0,0.8857142925262451,0.96875,0.9253731369972229
00031,0,0.46875,0.46875,0.46875