Configuration,IsEqual,Precision,Recall,F-measure
00005,0,0.8846153616905212,0.9583333134651184,0.9200000166893005
00007,0,0.5555555820465088,0.625,0.5882353186607361
00011,0,0.4285714328289032,0.47999998927116394,0.4528301954269409
00013,0,0.9615384340286255,1.0,0.9803921580314636
00020,0,0.9599999785423279,1.0,0.9795917868614197
00026,0,0.8857142925262451,0.96875,0.9253731369972229
00031,0,0.5675675868988037,0.65625,0.6086956858634949