Configuration,IsEqual,Precision,Recall,F-measure
00003,1,1.0,1.0,1.0
00012,0,1.0,0.9247090816497803,0.9608819484710693
00013,0,1.0,0.8931818008422852,0.9435774087905884
00015,1,1.0,1.0,1.0
00016,1,1.0,1.0,1.0
00018,1,1.0,1.0,1.0
00021,1,1.0,1.0,1.0
00024,1,1.0,1.0,1.0