Configuration,IsEqual,Precision,Recall,F-measure
00003,0,1.0,0.8208954930305481,0.9016393423080444
00012,0,0.9780088067054749,0.8370978832244873,0.9020837545394897
00013,0,1.0,0.7795454263687134,0.876117467880249
00015,0,1.0,0.8807692527770996,0.9366053342819214
00016,0,1.0,0.8666666746139526,0.9285714626312256
00018,0,1.0,0.8614457845687866,0.9255663156509399
00021,0,1.0,0.8317757248878479,0.90816330909729
00024,0,0.9969788789749146,0.8730158805847168,0.9308885931968689